id_user,id_kursus,user_rating
1,9,3
1,56,5
1,24,5
1,15,4
1,16,3
1,52,3
1,51,3
1,4,5
1,12,3
1,55,4
1,5,5
1,3,3
1,30,5
1,21,3
1,28,5
1,7,3
1,46,3
1,42,3
1,33,4
1,50,4
1,54,3
2,14,5
2,34,3
2,32,3
2,9,5
2,1,3
2,3,5
2,39,3
2,31,5
2,15,3
2,42,3
2,45,5
2,49,4
2,44,5
2,51,5
2,11,4
2,7,3
2,12,5
2,19,4
2,46,4
2,13,3
2,30,5
2,33,4
2,37,3
3,5,4
3,52,3
3,47,4
3,29,5
3,27,5
3,2,4
3,56,5
3,40,3
3,49,3
3,22,3
3,8,5
3,20,5
3,39,5
3,23,4
3,25,4
3,28,4
3,41,3
4,4,5
4,34,5
4,33,3
4,57,4
4,43,3
4,31,3
4,49,3
4,41,5
4,24,3
4,25,4
4,11,3
4,17,5
4,7,4
4,36,5
4,42,5
4,35,5
4,22,4
4,47,3
4,55,5
5,23,5
5,41,4
5,10,5
5,51,3
5,46,4
5,3,4
5,12,3
5,16,5
5,19,5
5,48,3
5,36,4
5,26,5
5,55,3
5,35,4
5,37,3
5,14,4
5,56,5
5,11,3
5,38,5
5,32,4
6,42,5
6,57,4
6,23,5
6,11,5
6,15,4
6,27,3
6,40,3
6,53,3
6,33,5
6,9,5
6,19,3
6,24,5
6,16,4
6,36,5
6,50,5
6,35,5
6,48,3
6,39,5
6,47,5
6,26,3
7,43,5
7,38,4
7,57,5
7,23,4
7,10,3
7,56,5
7,44,5
7,50,3
7,35,3
7,12,3
7,27,3
7,36,5
7,29,4
7,42,5
7,37,3
7,53,3
7,15,3
7,41,3
7,33,5
7,24,3
7,39,3
8,18,4
8,52,5
8,46,3
8,24,4
8,9,5
8,38,3
8,36,4
8,32,5
8,43,5
8,37,5
8,2,3
8,41,5
8,48,4
8,56,5
8,39,4
8,6,4
8,11,5
8,34,3
8,14,4
8,55,3
9,40,3
9,57,5
9,54,5
9,38,4
9,7,4
9,33,3
9,31,3
9,8,5
9,35,5
9,53,5
9,4,5
9,45,3
9,50,3
9,48,3
9,56,5
9,44,4
9,17,5
9,43,5
9,15,4
9,9,5
10,6,3
10,33,5
10,36,5
10,4,3
10,56,3
10,15,4
10,21,4
10,19,4
10,43,5
10,39,3
10,38,5
10,42,4
10,35,4
10,50,4
10,45,5
10,8,5
10,57,3
10,34,5
10,52,5
10,30,4
10,16,5
10,17,3
10,23,4
11,22,5
11,23,4
11,32,4
11,7,5
11,29,4
11,16,5
11,15,4
11,20,4
11,5,3
11,34,5
11,30,4
11,24,4
11,19,3
11,44,3
11,18,3
11,11,5
11,48,3
11,1,3
11,35,4
12,37,5
12,32,3
12,5,4
12,40,5
12,31,3
12,14,3
12,49,4
12,17,5
12,29,4
12,27,5
12,19,5
12,34,4
12,50,3
12,25,4
12,48,5
12,13,3
12,12,3
12,44,5
12,10,5
12,53,4
13,49,5
13,11,3
13,26,3
13,30,4
13,36,5
13,54,5
13,28,5
13,56,5
13,5,5
13,32,5
13,14,5
13,39,4
13,40,5
13,27,3
13,33,3
13,13,5
13,50,3
13,29,5
13,37,5
13,45,3
13,9,5
13,4,3
14,29,5
14,10,5
14,39,5
14,19,3
14,22,5
14,16,4
14,27,3
14,47,5
14,32,5
14,55,5
14,8,4
14,17,3
14,38,3
14,53,4
14,23,4
14,42,3
14,54,5
14,20,3
14,26,3
14,21,3
14,56,3
15,39,3
15,51,3
15,22,4
15,46,5
15,1,3
15,33,5
15,29,3
15,14,5
15,18,4
15,56,5
15,26,3
15,10,3
15,3,3
15,27,3
15,40,3
15,45,4
15,42,3
15,7,5
15,8,5
15,37,5
15,54,5
15,20,5
15,52,5
16,51,4
16,27,4
16,30,4
16,24,5
16,31,4
16,46,4
16,16,3
16,22,4
16,17,5
16,2,3
16,25,4
16,4,4
16,44,4
16,28,4
16,8,4
16,33,4
16,53,4
16,29,4
16,23,3
17,46,4
17,52,4
17,29,3
17,9,5
17,54,4
17,3,4
17,57,4
17,26,3
17,11,4
17,44,3
17,42,4
17,14,4
17,8,4
17,15,4
17,32,5
17,47,3
17,48,4
17,13,4
17,43,4
17,36,4
17,27,5
17,22,5
18,41,5
18,29,3
18,50,3
18,1,4
18,40,5
18,43,5
18,25,3
18,13,5
18,28,3
18,7,4
18,22,3
18,24,5
18,10,4
18,31,3
18,48,4
18,36,5
18,44,3
18,39,3
18,55,5
18,2,3
19,51,5
19,9,3
19,46,3
19,36,3
19,50,5
19,44,3
19,31,3
19,33,5
19,45,5
19,38,4
19,12,4
19,39,5
19,26,3
19,21,5
19,24,4
19,11,3
19,52,4
19,25,5
19,13,3
19,1,4
20,55,4
20,38,3
20,6,3
20,14,5
20,41,5
20,53,5
20,51,3
20,52,3
20,10,4
20,5,5
20,54,4
20,37,5
20,43,4
20,47,5
20,29,4
20,34,5
20,20,5
20,57,5
21,1,4
21,56,4
21,52,5
21,2,3
21,18,4
21,41,4
21,4,3
21,8,3
21,29,5
21,38,4
21,46,4
21,17,3
21,43,4
21,44,3
21,9,5
21,39,3
21,28,4
21,7,4
21,35,4
22,47,3
22,14,5
22,30,4
22,20,5
22,1,5
22,28,5
22,57,3
22,13,3
22,6,3
22,15,3
22,8,5
22,45,3
22,25,4
22,48,3
22,18,5
22,12,3
22,31,4
22,17,5
22,27,4
22,21,5
23,50,5
23,32,5
23,41,5
23,44,4
23,42,4
23,3,5
23,40,3
23,19,5
23,27,5
23,1,3
23,13,3
23,47,3
23,55,3
23,28,5
23,52,3
23,53,3
23,51,4
23,57,5
23,30,4
23,7,5
23,8,4
23,46,4
24,47,4
24,35,5
24,40,4
24,41,4
24,27,3
24,2,3
24,37,4
24,11,4
24,50,3
24,30,3
24,54,4
24,3,4
24,51,5
24,19,3
24,17,4
24,31,3
24,33,5
24,44,4
24,32,4
24,23,5
25,51,5
25,4,3
25,7,3
25,26,4
25,24,3
25,45,5
25,47,5
25,16,4
25,13,5
25,56,4
25,27,5
25,48,4
25,36,4
25,22,3
25,8,5
25,14,3
25,53,4
25,40,5
25,11,5
25,6,5
25,21,3
26,28,4
26,12,3
26,51,3
26,37,5
26,8,4
26,11,5
26,41,4
26,33,4
26,52,5
26,38,4
26,14,4
26,36,5
26,30,4
26,42,4
26,46,5
26,25,5
26,15,3
26,32,5
26,26,4
26,17,3
27,29,4
27,21,3
27,45,3
27,7,4
27,47,4
27,50,4
27,40,4
27,34,3
27,23,5
27,27,4
27,30,5
27,39,3
27,18,3
27,35,3
27,48,5
27,1,5
27,32,3
27,37,4
27,9,4
27,2,3
27,31,5
27,22,5
28,48,5
28,51,4
28,27,3
28,8,5
28,18,4
28,21,5
28,45,5
28,17,3
28,9,3
28,43,3
28,19,3
28,30,3
28,49,5
28,40,5
28,11,5
28,10,3
28,38,5
28,57,4
28,44,3
28,20,5
28,25,4
28,50,4
28,55,5
29,16,3
29,54,4
29,17,3
29,55,4
29,42,5
29,7,5
29,18,5
29,10,5
29,20,5
29,45,5
29,29,4
29,8,3
29,53,4
29,11,5
29,39,3
29,49,5
29,36,5
29,57,4
29,38,5
29,43,4
30,32,3
30,9,4
30,26,3
30,31,5
30,10,5
30,29,5
30,12,4
30,23,4
30,55,4
30,48,3
30,8,4
30,34,3
30,16,4
30,1,5
30,24,5
30,14,3
30,43,4
30,52,3
30,22,3
31,39,4
31,53,3
31,29,5
31,36,4
31,43,4
31,16,5
31,8,5
31,56,4
31,18,5
31,15,3
31,22,4
31,6,5
31,35,5
31,37,3
31,50,3
31,42,5
31,14,3
31,28,3
31,24,5
31,55,5
31,25,5
32,12,3
32,36,3
32,22,3
32,29,4
32,35,5
32,44,5
32,38,3
32,39,5
32,34,4
32,40,3
32,30,4
32,3,3
32,23,3
32,4,3
32,11,3
32,52,5
32,56,3
32,28,4
32,37,5
32,51,5
33,20,3
33,39,3
33,43,5
33,9,5
33,8,3
33,42,3
33,29,5
33,40,3
33,15,4
33,11,5
33,35,3
33,46,3
33,22,4
33,21,5
33,6,3
33,55,3
33,26,5
33,2,3
34,9,3
34,42,3
34,17,3
34,46,3
34,5,4
34,14,3
34,20,4
34,10,3
34,50,3
34,52,3
34,34,5
34,54,4
34,18,4
34,35,5
34,33,4
34,56,3
34,45,5
34,40,5
34,36,3
34,31,4
34,16,5
35,28,5
35,49,5
35,33,4
35,30,4
35,17,4
35,47,3
35,1,4
35,8,3
35,12,3
35,34,5
35,11,4
35,35,5
35,26,5
35,31,3
35,9,3
35,41,4
35,4,4
35,13,3
35,14,4
35,16,4
35,20,3
35,10,5
36,47,5
36,46,3
36,41,4
36,27,4
36,49,5
36,21,3
36,35,5
36,31,5
36,52,4
36,8,4
36,39,5
36,45,4
36,23,5
36,25,3
36,24,4
36,5,5
36,51,5
36,7,4
36,12,3
36,34,4
37,52,3
37,22,4
37,35,4
37,4,3
37,6,3
37,15,3
37,28,5
37,51,3
37,37,5
37,27,3
37,1,4
37,12,3
37,42,3
37,34,4
37,40,4
37,7,5
37,53,5
37,48,4
37,13,5
38,22,5
38,29,4
38,6,5
38,47,3
38,12,4
38,1,5
38,9,5
38,10,3
38,28,5
38,2,4
38,14,3
38,17,5
38,3,5
38,53,5
38,48,3
38,24,4
38,43,5
38,11,5
38,51,5
38,15,4
38,20,5
38,52,4
39,39,5
39,57,4
39,6,4
39,51,3
39,5,5
39,1,5
39,24,4
39,3,4
39,43,4
39,37,3
39,40,4
39,53,5
39,2,4
39,31,5
39,46,5
39,36,4
39,41,5
39,32,3
39,55,5
39,49,4
39,14,4
40,38,5
40,35,3
40,32,3
40,5,4
40,56,5
40,1,5
40,37,4
40,6,4
40,12,3
40,44,5
40,19,5
40,47,5
40,51,3
40,33,4
40,50,3
40,42,3
40,10,5
40,14,4
40,17,5
40,8,4
40,16,3
41,20,5
41,45,4
41,52,4
41,17,3
41,30,3
41,9,4
41,7,5
41,41,4
41,32,5
41,2,5
41,16,3
41,15,4
41,23,5
41,11,3
41,19,4
41,38,4
41,53,4
41,54,4
41,50,4
41,26,4
42,6,4
42,4,5
42,24,3
42,16,5
42,10,5
42,11,3
42,38,5
42,53,3
42,33,4
42,19,3
42,49,5
42,36,4
42,52,5
42,27,5
42,57,5
42,32,3
42,31,5
42,8,5
42,23,3
42,2,4
43,47,4
43,42,5
43,36,5
43,41,5
43,37,5
43,23,5
43,33,5
43,30,4
43,6,3
43,14,3
43,27,5
43,25,5
43,15,3
43,31,3
43,1,3
43,51,3
43,3,3
43,50,3
43,12,3
43,55,4
44,38,3
44,7,4
44,24,5
44,3,3
44,28,4
44,22,4
44,15,3
44,13,4
44,41,5
44,44,5
44,48,3
44,8,5
44,25,4
44,19,3
44,4,3
44,9,3
44,30,3
44,42,3
44,52,4
45,26,4
45,18,4
45,20,5
45,45,5
45,17,3
45,28,5
45,8,4
45,7,4
45,47,3
45,55,3
45,36,4
45,11,4
45,54,5
45,12,3
45,35,3
45,42,3
45,10,5
45,40,5
45,23,3
45,41,3
46,32,3
46,55,4
46,9,5
46,7,5
46,44,5
46,27,4
46,47,4
46,51,3
46,26,4
46,57,5
46,30,3
46,6,4
46,15,5
46,37,3
46,28,5
46,5,5
46,53,5
46,16,5
46,49,3
46,22,3
47,64,4
47,155,5
47,70,5
47,122,4
47,142,3
47,92,5
47,67,5
47,102,5
47,99,4
47,61,5
47,59,3
47,156,5
47,119,5
47,79,5
47,143,5
47,96,5
47,80,4
47,111,3
47,134,5
47,69,5
47,107,5
47,81,3
47,97,3
47,74,5
48,130,5
48,115,3
48,121,3
48,113,3
48,63,5
48,132,5
48,149,5
48,158,5
48,68,4
48,107,5
48,77,5
48,160,3
48,131,3
48,117,4
48,155,5
48,143,3
48,135,5
48,147,4
48,152,5
48,104,5
48,111,4
49,81,5
49,123,4
49,93,4
49,127,5
49,69,3
49,152,4
49,66,5
49,64,3
49,76,5
49,114,5
49,62,5
49,72,3
49,97,5
49,125,4
49,74,5
49,98,4
49,147,4
49,139,4
49,108,4
49,87,4
49,156,3
50,107,3
50,115,4
50,83,4
50,78,5
50,153,3
50,71,4
50,109,4
50,123,5
50,73,3
50,111,4
50,58,5
50,125,3
50,132,4
50,152,5
50,150,3
50,105,3
50,119,3
50,103,4
50,121,5
50,88,3
50,149,4
50,85,3
50,127,3
50,154,4
51,142,3
51,93,5
51,136,4
51,96,3
51,141,5
51,161,3
51,94,5
51,97,4
51,61,3
51,112,4
51,106,3
51,150,4
51,79,3
51,133,3
51,143,4
51,146,5
51,101,5
51,74,5
51,158,4
51,81,3
51,120,3
51,66,5
51,153,3
51,148,4
51,138,3
52,58,3
52,76,4
52,131,5
52,130,5
52,111,3
52,112,4
52,125,4
52,70,5
52,136,5
52,84,4
52,109,3
52,92,3
52,113,5
52,118,3
52,134,3
52,97,3
52,123,3
52,116,3
52,89,5
52,93,3
52,142,4
53,104,5
53,126,5
53,148,3
53,91,4
53,62,4
53,67,4
53,95,4
53,94,5
53,64,4
53,124,4
53,120,4
53,93,3
53,146,5
53,90,5
53,122,5
53,84,4
53,125,3
53,88,3
53,144,4
53,74,5
53,115,4
53,89,4
53,152,4
53,76,3
54,135,3
54,154,5
54,114,3
54,77,4
54,111,5
54,161,4
54,91,3
54,152,3
54,148,4
54,117,3
54,66,3
54,116,3
54,147,3
54,69,3
54,94,3
54,109,5
54,130,4
54,73,3
54,79,4
54,90,5
54,108,5
54,156,3
54,121,5
55,126,4
55,146,5
55,157,4
55,111,3
55,160,4
55,90,5
55,63,5
55,77,5
55,122,3
55,65,4
55,86,5
55,100,5
55,116,3
55,69,4
55,60,5
55,58,5
55,139,4
55,98,3
55,95,5
55,96,3
55,127,5
55,109,4
56,65,4
56,138,3
56,130,3
56,82,5
56,92,3
56,77,4
56,162,5
56,95,3
56,97,3
56,116,3
56,131,3
56,85,5
56,107,4
56,149,5
56,115,5
56,143,5
56,93,4
56,99,5
56,119,5
56,80,5
56,87,5
56,150,3
56,139,4
56,88,4
57,115,5
57,161,4
57,140,4
57,135,3
57,87,4
57,79,3
57,64,3
57,99,5
57,105,4
57,113,3
57,151,5
57,65,5
57,103,5
57,72,4
57,80,5
57,66,5
57,160,3
57,162,3
57,124,5
57,68,5
57,74,4
57,131,4
57,142,3
57,134,5
58,146,4
58,145,3
58,118,5
58,151,4
58,63,4
58,137,5
58,99,5
58,80,5
58,147,4
58,70,3
58,105,3
58,136,5
58,73,4
58,122,3
58,115,5
58,126,3
58,150,4
58,86,5
58,143,4
58,121,5
58,132,5
58,156,5
59,62,5
59,70,5
59,98,4
59,141,3
59,64,3
59,138,5
59,120,3
59,161,3
59,75,5
59,135,4
59,130,5
59,100,5
59,67,3
59,83,5
59,96,3
59,151,3
59,125,5
59,82,3
59,58,5
59,123,5
59,94,3
59,102,5
59,155,5
59,159,4
59,117,5
60,91,3
60,104,5
60,66,4
60,87,5
60,94,5
60,161,3
60,110,5
60,148,5
60,151,3
60,153,5
60,77,5
60,90,4
60,76,5
60,144,5
60,107,5
60,133,5
60,74,4
60,157,4
60,146,5
60,140,5
60,116,4
60,108,5
60,142,4
61,147,4
61,138,4
61,148,4
61,158,5
61,105,5
61,154,5
61,137,5
61,71,3
61,66,3
61,156,4
61,89,4
61,152,5
61,139,3
61,77,4
61,63,3
61,60,4
61,116,4
61,114,4
61,119,4
61,67,3
61,90,5
62,81,4
62,100,3
62,75,3
62,116,3
62,96,5
62,76,4
62,157,4
62,72,5
62,83,4
62,98,5
62,119,3
62,94,4
62,65,5
62,79,3
62,88,3
62,155,5
62,106,3
62,114,4
62,112,5
63,66,4
63,150,5
63,145,3
63,89,3
63,159,3
63,119,5
63,153,5
63,90,4
63,156,5
63,134,3
63,65,5
63,114,3
63,108,3
63,142,3
63,67,3
63,84,3
63,60,4
63,63,5
63,59,3
63,152,5
63,143,4
63,118,3
63,139,5
64,63,3
64,72,3
64,90,4
64,88,5
64,139,5
64,131,3
64,67,4
64,137,5
64,123,4
64,101,3
64,150,4
64,81,5
64,84,4
64,108,3
64,155,4
64,104,4
64,119,3
64,132,3
64,147,3
64,129,4
64,102,3
64,70,4
64,111,5
64,62,4
65,63,4
65,102,4
65,144,3
65,71,4
65,84,4
65,75,3
65,97,4
65,160,5
65,131,5
65,157,5
65,154,3
65,91,4
65,147,4
65,88,5
65,103,5
65,128,5
65,149,5
65,115,4
65,77,5
65,61,3
65,111,3
65,62,3
65,81,3
65,133,3
65,132,4
66,71,3
66,114,3
66,94,3
66,93,4
66,108,4
66,92,3
66,98,4
66,109,5
66,96,3
66,124,5
66,90,3
66,64,5
66,73,4
66,141,5
66,102,3
66,105,4
66,89,3
66,63,4
66,65,5
66,76,3
67,132,3
67,95,4
67,146,5
67,101,5
67,94,4
67,70,3
67,129,3
67,83,4
67,134,4
67,143,4
67,161,3
67,127,3
67,158,4
67,156,5
67,65,4
67,110,4
67,75,4
67,74,3
67,162,4
67,123,3
67,67,3
67,104,5
67,86,5
68,74,3
68,70,4
68,120,4
68,155,4
68,101,4
68,118,5
68,149,4
68,88,5
68,72,5
68,82,3
68,62,4
68,114,3
68,86,4
68,122,5
68,76,4
68,94,4
68,130,4
68,93,4
68,59,5
68,117,3
68,127,4
69,141,4
69,157,3
69,160,5
69,65,4
69,84,3
69,162,4
69,102,5
69,108,5
69,76,3
69,88,4
69,110,3
69,64,5
69,59,4
69,104,5
69,99,3
69,92,3
69,117,3
69,70,3
69,133,5
69,139,3
69,90,4
69,116,4
70,140,4
70,92,4
70,82,5
70,114,3
70,64,5
70,117,3
70,88,3
70,123,5
70,133,3
70,86,5
70,65,4
70,128,5
70,151,4
70,106,5
70,111,3
70,62,3
70,99,4
70,87,4
70,94,3
70,121,3
70,145,4
70,84,3
70,102,3
71,85,5
71,138,3
71,116,4
71,90,4
71,119,4
71,84,3
71,88,3
71,69,5
71,155,4
71,102,3
71,156,3
71,74,3
71,109,3
71,100,3
71,64,5
71,152,3
71,160,4
71,91,4
71,99,5
71,66,4
71,132,3
72,76,3
72,85,3
72,162,4
72,80,3
72,125,4
72,141,4
72,86,3
72,117,5
72,122,5
72,97,5
72,107,3
72,157,4
72,135,4
72,155,5
72,100,5
72,124,4
72,139,3
72,159,4
72,123,3
72,62,5
72,134,3
72,112,3
72,70,5
72,69,3
73,122,4
73,99,5
73,144,5
73,65,4
73,94,4
73,87,5
73,68,5
73,127,5
73,143,4
73,132,3
73,161,3
73,109,4
73,107,4
73,110,5
73,137,4
73,69,3
73,91,4
73,140,5
73,61,3
73,157,5
73,67,4
73,95,5
73,112,3
74,153,5
74,69,4
74,71,3
74,97,5
74,64,4
74,111,4
74,103,3
74,134,4
74,129,4
74,144,4
74,76,4
74,83,4
74,95,3
74,59,3
74,89,5
74,139,3
74,145,3
74,142,4
74,91,4
74,90,4
74,65,4
74,77,5
74,110,3
75,150,5
75,113,5
75,112,4
75,93,4
75,109,4
75,149,3
75,67,4
75,92,4
75,117,5
75,105,3
75,75,4
75,64,3
75,131,5
75,90,4
75,147,5
75,65,3
75,74,5
75,73,4
75,62,4
75,89,4
75,101,3
75,155,3
75,157,3
76,143,5
76,95,4
76,111,4
76,159,4
76,119,4
76,121,4
76,116,3
76,105,4
76,107,3
76,103,5
76,65,5
76,161,3
76,91,5
76,61,4
76,69,5
76,81,4
76,151,3
76,115,3
76,76,3
76,79,5
76,156,4
76,140,5
76,75,3
76,113,5
77,77,5
77,148,4
77,63,4
77,116,5
77,81,5
77,113,3
77,120,4
77,156,3
77,94,3
77,123,5
77,108,3
77,75,5
77,127,3
77,131,5
77,124,3
77,109,5
77,106,4
77,83,5
77,143,4
77,140,4
78,146,3
78,137,3
78,124,5
78,138,3
78,84,5
78,80,3
78,131,3
78,77,4
78,147,5
78,92,5
78,75,5
78,153,3
78,67,3
78,94,4
78,157,3
78,130,5
78,107,4
78,152,3
78,71,4
78,87,5
78,58,3
78,60,5
78,120,5
79,83,5
79,130,5
79,113,5
79,74,5
79,135,3
79,110,4
79,80,5
79,112,4
79,137,3
79,111,5
79,82,5
79,100,4
79,115,5
79,136,3
79,103,5
79,62,3
79,72,4
79,84,3
79,104,5
79,132,5
79,77,5
79,114,5
80,132,5
80,93,5
80,124,3
80,116,5
80,135,3
80,129,3
80,63,5
80,145,4
80,138,4
80,152,4
80,75,3
80,115,5
80,112,5
80,82,5
80,144,5
80,142,3
80,151,3
80,97,4
80,70,5
80,126,4
80,72,3
80,94,5
81,148,5
81,86,5
81,123,5
81,71,5
81,145,5
81,128,4
81,121,4
81,160,5
81,135,4
81,127,4
81,82,4
81,113,3
81,98,5
81,144,4
81,101,4
81,103,5
81,111,4
81,125,3
81,136,3
81,59,5
81,126,5
81,118,3
81,74,4
82,125,4
82,93,4
82,126,4
82,80,4
82,110,3
82,156,3
82,146,5
82,92,4
82,70,3
82,154,5
82,106,5
82,108,4
82,122,5
82,129,3
82,160,5
82,102,5
82,94,3
82,149,3
82,133,3
82,137,3
82,150,4
83,162,3
83,154,4
83,79,3
83,122,4
83,112,5
83,130,3
83,75,3
83,148,5
83,131,4
83,101,3
83,158,4
83,91,5
83,77,5
83,151,4
83,66,3
83,70,3
83,83,4
83,153,3
83,143,3
83,156,3
83,115,5
83,118,5
84,100,5
84,84,5
84,96,5
84,118,5
84,90,4
84,152,3
84,122,5
84,78,5
84,143,5
84,80,4
84,69,5
84,112,5
84,74,3
84,92,3
84,60,3
84,144,5
84,108,5
84,71,5
84,142,3
84,61,3
84,109,5
85,119,3
85,110,5
85,142,5
85,94,4
85,120,3
85,93,5
85,145,4
85,141,3
85,128,5
85,101,5
85,84,4
85,70,3
85,113,3
85,125,4
85,153,3
85,98,5
85,108,5
85,133,5
85,126,5
85,59,5
85,123,5
85,134,4
86,93,4
86,138,3
86,150,5
86,146,3
86,130,4
86,99,3
86,60,5
86,82,5
86,116,5
86,134,5
86,158,4
86,78,3
86,161,4
86,79,3
86,66,4
86,139,4
86,100,5
86,118,5
86,148,5
86,86,3
86,153,3
86,83,3
86,108,5
86,149,4
87,137,4
87,98,5
87,160,5
87,74,3
87,65,5
87,117,4
87,139,5
87,155,3
87,158,3
87,68,5
87,97,4
87,67,4
87,140,5
87,106,5
87,72,3
87,146,3
87,58,3
87,94,5
87,90,5
87,124,5
87,119,3
87,153,3
87,77,5
88,61,4
88,111,4
88,142,4
88,151,4
88,137,4
88,158,5
88,70,3
88,155,3
88,60,4
88,157,4
88,66,3
88,143,3
88,62,4
88,118,5
88,112,3
88,131,5
88,106,4
88,100,4
88,144,4
88,82,4
88,87,5
89,125,4
89,106,4
89,150,3
89,61,5
89,149,5
89,128,3
89,102,5
89,142,5
89,87,4
89,123,4
89,118,5
89,107,5
89,161,3
89,66,5
89,101,3
89,147,5
89,146,5
89,122,4
89,77,4
89,88,4
89,158,3
89,152,4
89,145,4
90,109,3
90,129,3
90,101,3
90,147,3
90,117,3
90,58,3
90,104,5
90,160,3
90,162,3
90,64,5
90,71,5
90,151,5
90,157,4
90,79,5
90,92,3
90,66,4
90,127,3
90,69,4
90,67,5
90,73,3
90,97,3
90,132,3
90,108,4
90,118,5
91,60,5
91,124,4
91,70,5
91,89,3
91,140,5
91,152,3
91,146,5
91,77,5
91,113,4
91,78,4
91,156,3
91,81,4
91,69,4
91,85,5
91,122,4
91,59,5
91,161,4
91,82,3
91,80,4
91,110,4
92,118,5
92,111,3
92,71,3
92,105,3
92,79,4
92,134,4
92,135,3
92,84,4
92,97,3
92,65,4
92,146,4
92,137,5
92,162,3
92,67,5
92,116,3
92,104,4
92,100,5
92,150,5
92,89,4
92,70,5
92,140,5
93,70,3
93,108,4
93,69,5
93,157,3
93,107,4
93,86,4
93,112,5
93,82,5
93,115,5
93,93,5
93,103,3
93,131,3
93,151,4
93,85,4
93,120,4
93,135,5
93,123,5
93,160,4
93,152,5
93,81,4
93,142,5
93,141,5
93,118,4
93,122,4
94,115,4
94,122,5
94,136,5
94,133,3
94,138,5
94,127,3
94,109,4
94,98,3
94,103,3
94,96,3
94,61,3
94,75,3
94,140,4
94,123,4
94,154,5
94,118,4
94,113,5
94,63,5
94,88,3
94,97,4
94,58,5
94,117,5
95,143,5
95,159,3
95,68,4
95,101,4
95,60,5
95,105,3
95,65,3
95,131,3
95,103,3
95,76,3
95,140,3
95,62,5
95,110,3
95,95,3
95,114,3
95,96,5
95,122,3
95,112,4
95,113,3
95,109,4
95,71,3
96,131,3
96,135,3
96,133,4
96,93,3
96,88,4
96,108,3
96,75,4
96,87,4
96,147,4
96,61,3
96,76,3
96,80,3
96,136,4
96,106,5
96,123,3
96,124,3
96,128,5
96,137,4
96,102,5
96,142,5
96,85,4
97,209,5
97,165,5
97,206,3
97,171,4
97,167,4
97,199,3
97,212,3
97,184,4
97,187,3
97,182,4
97,213,4
97,183,5
97,163,5
97,222,4
97,168,5
97,202,4
97,177,3
97,215,3
97,194,5
97,205,5
98,213,4
98,179,4
98,219,3
98,224,4
98,191,4
98,210,3
98,180,5
98,178,5
98,196,5
98,225,4
98,168,3
98,204,3
98,218,5
98,184,3
98,205,4
98,189,4
98,190,5
98,173,5
98,203,4
98,175,3
98,169,4
99,207,4
99,175,3
99,200,3
99,197,4
99,215,3
99,226,3
99,183,3
99,166,4
99,208,5
99,222,5
99,168,3
99,190,5
99,225,3
99,173,4
99,163,3
99,180,3
99,198,3
99,165,4
99,191,4
99,187,4
100,181,4
100,225,5
100,207,3
100,208,4
100,172,4
100,193,5
100,190,3
100,215,4
100,176,3
100,200,3
100,226,5
100,196,3
100,174,5
100,224,5
100,192,4
100,222,5
100,163,3
100,177,4
101,164,3
101,217,4
101,194,3
101,193,4
101,200,4
101,198,5
101,163,3
101,184,5
101,214,5
101,215,4
101,175,3
101,189,5
101,179,3
101,180,5
101,168,3
101,188,3
101,172,4
101,207,4
101,197,4
101,220,4
101,218,5
102,251,5
102,244,4
102,245,4
102,252,3
102,249,5
102,255,3
102,235,5
102,250,4
102,238,4
102,253,3
102,236,3
102,247,5
102,239,4
102,240,5
102,230,3
103,238,3
103,260,4
103,256,3
103,230,4
103,237,4
103,245,4
103,235,4
103,263,4
103,233,5
103,253,3
103,244,4
103,246,3
103,252,5
103,248,4
103,240,5
103,234,5
103,250,3
104,236,3
104,247,5
104,255,5
104,254,4
104,253,4
104,252,5
104,249,3
104,231,3
104,234,5
104,241,3
104,251,5
104,257,5
104,233,5
104,228,4
104,230,5
104,244,5
104,263,3
104,258,5
105,262,5
105,252,5
105,245,3
105,233,4
105,254,4
105,244,3
105,246,5
105,247,5
105,227,3
105,235,4
105,243,4
105,251,3
105,229,5
105,258,5
105,228,5
105,237,4
105,255,3
105,250,4
105,261,5
105,248,5
106,257,3
106,262,5
106,238,3
106,251,4
106,244,4
106,246,3
106,241,5
106,259,3
106,240,3
106,230,4
106,254,4
106,245,5
106,235,3
106,239,5
106,243,5
106,247,5
106,234,5
107,256,5
107,257,3
107,229,4
107,255,3
107,241,4
107,231,4
107,236,4
107,253,5
107,232,4
107,246,5
107,240,4
107,252,4
107,228,4
107,235,3
107,260,5
107,254,5
107,239,5
107,227,5
107,245,3
108,239,3
108,253,5
108,255,3
108,259,4
108,235,3
108,262,5
108,231,3
108,246,4
108,248,5
108,254,4
108,251,5
108,233,5
108,245,5
108,260,5
108,242,5
108,247,4
109,263,3
109,255,3
109,237,5
109,250,3
109,258,5
109,234,4
109,244,3
109,245,4
109,252,4
109,240,4
109,228,5
109,246,5
109,261,5
109,242,3
109,249,5
109,256,3
109,251,3
110,262,3
110,260,4
110,228,3
110,250,5
110,255,3
110,254,4
110,243,5
110,240,5
110,261,5
110,253,4
110,241,5
110,230,3
110,247,4
110,232,5
110,239,4
110,229,4
110,258,4
111,240,4
111,256,4
111,237,3
111,252,4
111,248,4
111,233,4
111,253,5
111,244,5
111,228,3
111,263,4
111,241,3
111,259,5
111,242,5
111,231,5
111,262,5
112,260,4
112,238,3
112,250,5
112,257,4
112,261,4
112,243,3
112,251,3
112,262,5
112,237,3
112,227,5
112,252,3
112,256,4
112,245,5
112,236,3
112,241,4
112,263,3
112,239,5
112,254,3
113,243,5
113,232,4
113,244,3
113,242,5
113,263,3
113,262,3
113,247,4
113,259,3
113,229,4
113,252,4
113,239,5
113,235,5
113,227,5
113,240,5
113,248,5
113,245,3
113,228,5
114,244,3
114,238,3
114,239,5
114,235,4
114,251,4
114,231,5
114,253,5
114,254,3
114,250,5
114,249,3
114,242,5
114,258,3
114,263,4
114,234,5
114,248,4
114,229,3
114,257,5
114,255,3
115,257,5
115,262,3
115,237,4
115,245,4
115,254,3
115,240,3
115,235,4
115,248,3
115,243,3
115,242,4
115,258,4
115,251,3
115,260,4
115,246,3
115,252,4
115,249,5
115,227,4
115,236,4
116,250,4
116,230,3
116,228,4
116,238,4
116,227,4
116,235,5
116,263,5
116,262,4
116,256,3
116,231,4
116,249,4
116,233,4
116,258,5
116,247,5
117,253,5
117,248,4
117,227,4
117,255,5
117,252,4
117,250,5
117,236,5
117,232,3
117,245,4
117,240,4
117,260,4
117,231,3
117,262,3
117,244,4
117,243,4
117,257,5
117,263,5
118,256,5
118,253,4
118,236,5
118,240,4
118,234,3
118,233,3
118,262,3
118,227,5
118,252,3
118,239,4
118,235,5
118,258,5
118,237,4
118,246,3
118,243,4
118,251,4
118,230,5
118,232,4
119,231,4
119,239,4
119,243,3
119,234,3
119,252,3
119,251,5
119,229,5
119,244,5
119,237,4
119,262,3
119,250,5
119,248,3
119,233,3
119,235,3
119,256,3
119,236,3
119,230,3
119,247,5
119,259,3
119,240,4
120,261,3
120,230,5
120,251,5
120,257,5
120,258,4
120,234,4
120,242,4
120,259,4
120,231,3
120,245,5
120,256,5
120,233,5
120,250,3
120,239,3
120,237,4
120,238,5
120,262,3
120,229,4
121,236,5
121,234,5
121,228,5
121,242,3
121,263,3
121,256,3
121,229,5
121,237,4
121,248,5
121,247,5
121,251,3
121,258,5
121,241,5
121,255,4
121,254,4
121,249,3
121,238,4
121,232,4
121,235,3
121,250,3
122,244,4
122,260,5
122,231,5
122,261,3
122,249,4
122,255,3
122,252,5
122,247,5
122,237,5
122,258,3
122,227,4
122,250,4
122,230,5
122,251,5
122,232,3
122,240,4
122,236,3
122,259,3
122,243,4
123,235,3
123,262,5
123,240,4
123,250,4
123,233,3
123,261,5
123,257,5
123,251,5
123,263,4
123,255,4
123,252,3
123,232,3
123,236,4
123,238,3
123,248,3
123,253,5
123,234,5
124,258,4
124,245,4
124,246,4
124,238,3
124,232,3
124,229,5
124,260,5
124,253,3
124,259,5
124,237,4
124,248,4
124,236,5
124,263,3
124,239,4
124,230,5
124,228,3
124,247,5
124,251,4
125,239,4
125,255,3
125,241,5
125,234,3
125,235,5
125,258,4
125,230,4
125,247,5
125,238,3
125,252,5
125,236,5
125,259,4
125,257,3
125,251,4
125,260,5
125,262,3
125,229,3
125,256,5
126,246,4
126,236,3
126,253,4
126,237,3
126,234,4
126,240,3
126,241,5
126,228,4
126,227,5
126,232,3
126,247,3
126,231,3
126,235,4
126,259,5
126,251,5
126,261,3
126,238,3
126,242,4
126,244,5
127,259,5
127,251,4
127,232,5
127,248,4
127,230,5
127,247,3
127,260,5
127,253,4
127,242,5
127,249,3
127,254,3
127,239,3
127,244,4
127,241,3
127,234,4
127,235,3
127,255,4
128,247,5
128,245,3
128,237,4
128,258,3
128,260,3
128,262,5
128,231,3
128,241,3
128,251,4
128,257,3
128,242,4
128,249,4
128,248,5
128,244,5
128,230,3
128,253,4
128,240,5
128,246,3
128,229,5
129,249,3
129,263,4
129,238,5
129,254,3
129,258,3
129,241,5
129,232,3
129,237,3
129,259,5
129,234,3
129,228,3
129,260,4
129,231,5
129,248,4
129,236,4
129,242,5
129,251,3
129,257,4
130,257,4
130,234,3
130,251,5
130,244,4
130,254,5
130,231,4
130,249,3
130,263,4
130,237,4
130,258,4
130,233,4
130,247,4
130,241,5
130,228,3
130,243,5
130,235,5
130,232,3
130,261,3
130,250,5
131,256,5
131,254,3
131,234,5
131,261,5
131,240,3
131,244,3
131,242,3
131,248,3
131,259,4
131,245,3
131,238,4
131,229,5
131,233,5
131,236,5
131,232,4
131,257,3
131,250,4
131,252,3
131,241,5
132,253,3
132,261,4
132,252,4
132,236,4
132,262,4
132,249,3
132,231,5
132,240,5
132,241,4
132,246,4
132,250,3
132,232,5
132,256,3
132,263,3
132,243,3
132,239,3
132,227,3
133,239,3
133,251,5
133,240,5
133,233,4
133,258,4
133,253,5
133,257,3
133,255,4
133,234,4
133,248,5
133,236,5
133,259,3
133,245,5
133,237,4
133,262,3
133,252,3
133,260,4
133,241,5
133,246,5
134,255,4
134,239,5
134,227,5
134,249,3
134,241,3
134,258,4
134,244,5
134,233,3
134,257,4
134,238,5
134,230,3
134,260,3
134,246,5
134,229,4
134,250,3
134,231,4
134,247,4
134,254,3
135,228,4
135,246,5
135,248,3
135,245,3
135,260,5
135,242,3
135,247,3
135,239,3
135,235,5
135,256,4
135,240,3
135,236,3
135,259,3
135,230,4
135,254,4
135,255,3
135,232,3
135,249,4
135,231,3
136,252,4
136,238,5
136,237,5
136,249,4
136,242,4
136,236,3
136,232,5
136,256,3
136,245,3
136,258,3
136,241,3
136,240,3
136,244,4
136,262,4
136,234,4
136,246,5
136,231,3
136,235,3
137,229,4
137,240,3
137,243,3
137,250,3
137,231,5
137,242,3
137,258,5
137,230,4
137,245,5
137,228,3
137,239,3
137,259,4
137,253,4
137,256,5
137,241,4
137,236,4
138,239,4
138,244,3
138,247,5
138,241,5
138,262,4
138,240,5
138,256,4
138,259,5
138,261,5
138,237,5
138,250,3
138,253,5
138,234,5
138,232,5
138,263,3
138,249,4
138,227,4
138,242,4
138,254,3
138,235,5
139,233,5
139,246,5
139,230,4
139,252,5
139,235,5
139,250,3
139,253,5
139,255,4
139,228,5
139,257,4
139,260,3
139,245,4
139,254,3
139,227,5
139,234,5
139,241,4
139,262,5
139,261,4
140,229,3
140,228,3
140,240,3
140,250,5
140,236,5
140,232,4
140,258,4
140,230,5
140,257,3
140,253,3
140,252,4
140,249,5
140,243,5
140,263,3
140,245,3
140,246,4
140,262,3
140,238,5
140,233,4
141,240,3
141,227,5
141,239,5
141,255,5
141,260,4
141,243,4
141,235,3
141,262,5
141,248,5
141,233,4
141,241,4
141,237,3
141,263,3
141,229,4
141,254,5
141,257,4
141,261,4
141,232,4
142,249,3
142,256,5
142,252,5
142,239,5
142,259,4
142,233,5
142,250,4
142,253,4
142,261,3
142,242,5
142,238,5
142,247,4
142,243,3
142,260,5
142,251,4
142,228,3
142,248,5
142,235,3
142,230,3
142,255,3
143,246,3
143,258,4
143,257,4
143,253,4
143,230,3
143,261,3
143,227,5
143,260,4
143,240,5
143,229,5
143,251,4
143,255,5
143,237,3
143,259,4
143,256,5
143,233,5
143,238,5
143,248,5
143,249,3
144,271,4
144,283,5
144,280,5
144,291,4
144,281,5
144,290,3
144,302,3
144,294,4
144,301,4
144,284,3
144,298,3
144,279,5
144,292,3
144,267,4
144,268,5
145,281,3
145,265,5
145,279,5
145,273,4
145,294,4
145,269,3
145,290,5
145,284,4
145,283,3
145,271,4
145,268,5
145,277,5
145,298,3
145,291,4
145,292,4
145,280,5
145,293,4
145,295,3
145,289,4
146,301,3
146,268,4
146,292,4
146,299,3
146,300,3
146,281,5
146,270,3
146,298,3
146,274,4
146,267,3
146,265,3
146,277,3
146,280,4
146,290,3
146,282,5
146,278,3
146,266,4
146,279,3
146,273,3
146,296,3
147,296,4
147,266,4
147,301,3
147,281,4
147,270,5
147,268,3
147,271,5
147,290,3
147,274,4
147,269,3
147,264,3
147,283,5
147,272,3
147,295,3
147,297,4
147,298,5
147,287,3
147,300,3
147,279,4
148,276,4
148,278,5
148,273,3
148,292,3
148,301,4
148,300,3
148,284,3
148,266,3
148,296,3
148,269,3
148,265,5
148,283,4
148,287,4
148,272,5
148,270,5
148,267,4
148,299,3
148,302,3
149,295,4
149,284,5
149,270,5
149,271,4
149,286,3
149,290,3
149,278,4
149,300,3
149,296,3
149,276,4
149,293,5
149,294,3
149,280,5
149,272,3
149,268,4
159,273,3
150,293,4
150,286,3
150,297,4
150,290,5
150,265,4
150,294,4
150,298,4
150,276,5
150,267,4
150,277,3
150,280,5
150,271,4
150,274,4
150,273,5
150,281,3
150,282,5
150,291,4
150,287,4
150,270,4
150,268,5
151,267,5
151,298,3
151,292,4
151,264,5
151,290,4
151,287,3
151,285,4
151,286,5
151,284,5
151,288,5
151,283,3
151,295,5
151,281,5
151,300,4
151,265,4
151,294,3
151,274,3
152,298,4
152,286,3
152,271,3
152,295,5
152,265,5
152,287,4
152,299,3
152,269,4
152,291,4
152,294,4
152,282,3
152,270,5
152,272,3
152,285,5
152,273,3
152,279,4
152,277,3
152,276,3
153,265,4
153,280,3
153,278,3
153,271,3
153,289,4
153,272,4
153,279,4
153,277,4
153,295,3
153,275,4
153,297,4
153,287,5
153,296,3
153,301,4
153,267,5
153,288,5
153,264,5
153,292,5
153,290,3
153,274,3
154,266,3
154,291,3
154,302,3
154,292,4
154,296,5
154,289,3
154,270,4
154,274,4
154,282,5
154,278,4
154,273,3
154,271,5
154,290,4
154,288,5
154,295,5
154,286,4
154,298,4
154,275,3
154,268,3
154,294,4
155,294,4
155,268,3
155,266,3
155,284,5
155,295,5
155,300,5
155,278,4
155,279,5
155,270,4
155,276,3
155,297,5
155,292,5
155,290,5
155,277,3
155,288,4
155,264,4
155,287,3
155,275,5
156,299,5
156,271,4
156,284,3
156,294,4
156,280,4
156,276,5
156,274,4
156,267,5
156,278,4
156,298,3
156,285,5
156,268,4
156,296,4
156,275,3
156,288,3
156,302,4
156,287,5
157,270,4
157,296,4
157,272,3
157,293,3
157,277,4
157,298,3
157,267,5
157,280,3
157,299,3
157,265,5
157,294,3
157,300,3
157,274,5
157,281,3
157,273,3
157,295,3
157,266,3
157,264,3
157,291,3
157,288,4
158,266,3
158,289,4
158,264,5
158,277,3
158,295,5
158,290,5
158,272,3
158,287,5
158,302,3
158,293,5
158,268,4
158,284,5
158,296,4
158,267,5
158,282,5
158,274,4
158,280,3
158,299,4
159,265,4
159,277,4
159,302,5
159,295,4
159,269,4
159,299,3
159,287,3
159,278,4
159,281,4
159,279,4
159,276,3
159,284,5
159,282,5
159,292,3
159,268,3
159,272,5
159,275,3
160,300,4
160,285,4
160,302,3
160,298,4
160,291,5
160,288,4
160,268,4
160,293,5
160,282,5
160,274,3
160,267,5
160,286,4
160,294,5
160,277,4
160,289,4
160,265,5
160,270,3
160,295,5
161,296,5
161,294,4
161,272,5
161,282,4
161,279,4
161,285,3
161,291,5
161,289,3
161,290,3
161,267,5
161,266,4
161,299,5
161,270,3
161,292,4
161,283,4
161,277,3
161,275,4
161,286,4
161,287,5
161,269,5
161,276,3
161,297,3
162,283,4
162,302,4
162,276,3
162,270,3
162,277,5
162,281,4
162,297,4
162,273,3
162,300,3
162,290,3
162,286,4
162,274,4
162,264,4
162,280,3
162,279,5
162,266,5
162,296,3
162,278,4
163,266,5
163,292,4
163,294,3
163,290,3
163,295,3
163,265,5
163,284,5
163,283,4
163,275,5
163,273,3
163,291,4
163,264,5
163,296,5
163,288,5
163,298,3
163,268,3
163,289,5
164,264,3
164,287,3
164,280,5
164,282,5
164,272,3
164,298,3
164,301,4
164,299,4
164,291,4
164,297,4
164,300,5
164,292,4
164,286,4
164,289,5
164,274,3
164,284,3
164,295,3
164,293,4
164,277,4
165,285,5
165,288,3
165,279,3
165,276,3
165,301,3
165,292,3
165,297,5
165,298,3
165,293,5
165,268,5
165,300,3
165,280,4
165,267,5
165,271,5
165,264,4
165,295,5
165,270,4
165,274,4
165,282,4
165,283,4
165,272,3
166,270,4
166,275,4
166,294,4
166,293,3
166,267,5
166,296,3
166,281,5
166,295,5
166,276,4
166,290,3
166,298,4
166,284,4
166,273,5
166,280,5
166,274,3
166,300,4
167,281,4
167,271,3
167,302,5
167,282,3
167,280,5
167,300,5
167,297,4
167,294,3
167,278,5
167,283,5
167,295,5
167,287,5
167,288,4
167,268,4
167,298,3
167,292,3
167,279,4
167,269,4
167,296,3
168,269,4
168,280,3
168,289,3
168,291,5
168,265,4
168,277,3
168,297,3
168,271,4
168,274,4
168,294,4
168,286,5
168,275,5
168,270,5
168,272,5
168,293,4
168,281,4
168,299,4
168,282,3
169,270,3
169,279,3
169,277,4
169,298,3
169,301,4
169,265,5
169,284,4
169,294,4
169,288,3
169,264,3
169,274,4
169,286,3
169,272,3
169,302,3
169,300,3
169,269,3
169,293,5
170,289,5
170,271,5
170,272,4
170,275,3
170,282,3
170,273,4
170,279,5
170,268,4
170,280,4
170,286,5
170,301,3
170,288,4
170,277,4
170,278,4
170,287,5
170,294,4
170,290,3
171,287,3
171,264,4
171,300,4
171,284,5
171,289,4
171,288,3
171,267,5
171,281,5
171,268,5
171,299,4
171,295,5
171,272,5
171,292,3
171,282,4
171,276,5
171,279,4
171,275,5
171,278,4
171,291,4
171,266,4
172,272,4
172,282,4
172,301,5
172,276,5
172,293,5
172,274,5
172,273,5
172,266,5
172,290,3
172,275,4
172,268,4
172,285,3
172,264,4
172,269,4
172,299,4
172,300,5
172,283,3
172,278,3
172,286,3
172,284,4
173,298,4
173,276,5
173,293,3
173,278,4
173,266,4
173,295,5
173,300,4
173,286,3
173,297,4
173,284,4
173,294,3
173,268,3
173,269,3
173,282,5
173,285,5
173,273,5
173,265,4
174,279,5
174,287,5
174,294,4
174,290,3
174,276,5
174,289,4
174,295,5
174,281,4
174,284,3
174,283,3
174,271,4
174,296,4
174,266,3
174,299,5
174,280,3
174,293,4
174,286,4
174,264,5
174,292,3
174,301,5
175,283,5
175,269,5
175,289,4
175,273,3
175,279,4
175,298,5
175,287,4
175,268,3
175,302,4
175,272,3
175,278,3
175,297,3
175,274,4
175,276,3
175,291,5
175,288,4
175,264,4
175,293,5
176,271,5
176,264,5
176,300,3
176,298,4
176,302,5
176,280,5
176,274,5
176,289,4
176,267,3
176,296,3
176,281,3
176,285,3
176,293,4
176,290,5
176,301,4
176,266,5
176,294,4
177,277,3
177,270,5
177,266,5
177,275,5
177,269,3
177,288,4
177,273,3
177,274,3
177,297,4
177,278,4
177,272,5
177,294,3
177,283,5
177,281,3
177,301,5
177,271,4
177,295,3
178,282,3
178,294,5
178,276,5
178,271,5
178,301,3
178,298,5
178,278,4
178,269,3
178,280,4
178,274,5
178,266,4
178,270,4
178,289,3
178,297,4
178,296,5
178,287,4
178,264,3
178,283,5
178,268,3
178,265,3
179,275,5
179,272,4
179,291,3
179,273,5
179,288,5
179,301,5
179,292,4
179,270,4
179,284,5
179,300,4
179,280,4
179,299,5
179,266,5
179,283,4
179,276,5
179,296,4
179,267,3
179,298,4
179,269,5
180,272,5
180,295,3
180,286,4
180,285,4
180,279,5
180,276,5
180,289,5
180,274,3
180,302,3
180,275,4
180,283,3
180,277,3
180,298,3
180,265,3
180,291,4
180,301,4
180,282,5
180,290,3
180,264,3
181,281,5
181,276,5
181,272,5
181,284,5
181,293,3
181,298,5
181,282,5
181,295,4
181,297,5
181,269,3
181,289,4
181,267,4
181,273,5
181,302,3
181,280,4
181,300,4
181,270,4
181,265,3
181,274,5
181,283,4
181,301,5
181,290,3
182,267,3
182,286,5
182,269,4
182,302,3
182,295,3
182,274,3
182,300,4
182,268,5
182,282,3
182,299,5
182,272,5
182,266,3
182,275,5
182,271,3
182,277,4
182,293,5
182,292,5
182,276,4
183,293,4
183,281,4
183,296,5
183,272,4
183,274,3
183,300,5
183,291,3
183,294,4
183,289,5
183,302,3
183,299,5
183,275,4
183,267,5
183,297,3
183,276,3
183,292,5
183,264,4
183,298,3
183,270,5
184,274,5
184,282,3
184,285,4
184,266,3
184,287,4
184,294,4
184,268,3
184,298,4
184,272,4
184,290,4
184,297,3
184,293,4
184,275,4
184,286,4
184,264,4
184,288,4
184,276,3
184,295,4
184,300,5
184,277,3
184,301,5
184,265,3
184,273,4
185,276,4
185,283,5
185,286,4
185,277,3
185,282,3
185,284,4
185,299,4
185,265,4
185,287,3
185,268,4
185,301,4
185,294,4
185,290,4
185,285,5
185,300,5
185,278,4
185,279,3
185,281,3
185,269,5
185,273,4
185,288,5
186,301,4
186,268,5
186,278,4
186,276,3
186,265,3
186,279,3
186,274,3
186,281,3
186,286,5
186,271,5
186,287,3
186,283,3
186,270,5
186,293,5
186,272,5
186,296,3
186,292,4
186,300,3
186,288,4
187,297,3
187,272,3
187,291,3
187,283,4
187,290,3
187,271,3
187,278,4
187,287,3
187,294,5
187,284,3
187,298,4
187,265,5
187,299,4
187,295,5
187,275,5
187,302,3
187,301,4
187,300,4
187,286,4
188,271,5
188,268,5
188,292,4
188,293,3
188,281,4
188,290,3
188,280,5
188,274,4
188,267,3
188,288,4
188,298,4
188,270,5
188,264,4
188,277,3
188,278,5
188,284,4
188,289,5
188,273,5
189,294,4
189,268,5
189,279,3
189,296,4
189,283,5
189,293,4
189,290,4
189,281,4
189,284,3
189,302,4
189,287,5
189,292,4
189,278,5
189,300,5
189,299,4
189,275,5
189,297,3
189,267,5
190,276,3
190,275,5
190,295,4
190,271,3
190,281,5
190,291,3
190,282,3
190,289,5
190,294,3
190,299,4
190,283,3
190,297,3
190,280,4
190,285,4
190,264,4
190,265,3
190,293,4
191,293,5
191,274,4
191,264,3
191,271,5
191,285,4
191,302,5
191,270,3
191,277,5
191,272,5
191,296,4
191,267,3
191,291,5
191,286,5
191,279,3
191,269,3
191,297,3
191,292,4
191,283,3
192,272,4
192,273,4
192,271,5
192,302,3
192,288,4
192,289,4
192,298,4
192,296,4
192,293,3
192,284,3
192,297,4
192,277,3
192,294,5
192,268,5
192,278,5
192,287,4
192,285,3
193,301,3
193,270,5
193,277,4
193,276,5
193,284,3
193,294,4
193,298,4
193,292,4
193,271,4
193,282,3
193,302,3
193,289,3
193,288,4
193,293,3
193,296,5
193,278,5
193,280,3
193,285,4
194,296,4
194,287,4
194,273,3
194,272,5
194,284,5
194,266,5
194,271,3
194,290,3
194,291,5
194,285,3
194,267,3
194,276,3
194,288,5
194,270,5
194,282,3
194,293,4
194,274,4
195,270,4
195,300,5
195,267,5
195,284,4
195,265,5
195,271,3
195,272,3
195,275,3
195,280,5
195,295,5
195,293,4
195,302,3
195,269,3
195,283,5
195,297,3
195,268,5
195,298,4
195,276,3
196,268,5
196,287,3
196,280,4
196,282,4
196,285,3
196,301,3
196,265,4
196,266,4
196,267,3
196,290,5
196,299,5
196,284,5
196,292,3
196,270,4
196,272,5
196,278,3
196,271,5
196,294,5
196,269,3
196,288,5
196,264,5
197,299,5
197,298,5
197,281,4
197,265,5
197,268,4
197,302,5
197,272,4
197,287,5
197,269,5
197,285,4
197,289,4
197,288,5
197,284,4
197,278,5
197,295,3
197,301,4
197,276,4
197,286,5
197,283,5
198,268,4
198,264,3
198,265,3
198,278,4
198,282,5
198,302,4
198,290,3
198,285,5
198,269,3
198,277,4
198,284,5
198,292,4
198,296,3
198,272,4
198,266,3
198,275,3
198,289,3
198,283,4
198,287,5
199,282,3
199,265,4
199,281,3
199,290,3
199,296,4
199,291,3
199,278,4
199,283,4
199,277,4
199,264,4
199,267,5
199,286,3
199,295,3
199,271,5
199,266,3
199,268,3
199,284,5
199,294,5
199,299,3
199,293,3
200,294,5
200,287,4
200,278,4
200,281,4
200,265,4
200,285,3
200,270,5
200,292,5
200,266,4
200,300,5
200,293,3
200,284,5
200,288,4
200,291,3
200,298,3
200,276,3
200,280,3
200,279,5
201,285,5
201,288,4
201,274,5
201,296,4
201,266,4
201,298,4
201,280,3
201,294,3
201,284,5
201,292,4
201,278,4
201,295,3
201,273,3
201,300,5
201,297,3
201,276,3
201,269,4
201,289,3
202,288,3
202,268,5
202,272,4
202,300,4
202,298,3
202,285,4
202,294,5
202,270,4
202,293,5
202,297,4
202,295,5
202,292,5
202,286,4
202,302,5
202,301,4
202,276,3
202,296,3
202,264,5
202,269,4
203,289,4
203,286,5
203,275,5
203,282,3
203,277,4
203,299,3
203,290,5
203,296,3
203,301,4
203,297,3
203,270,5
203,280,5
203,285,5
203,293,4
203,300,3
203,292,3
204,318,3
204,322,5
204,319,3
204,313,5
204,307,4
204,305,3
204,311,3
204,310,5
204,303,5
204,308,5
204,321,4
204,320,4
204,304,4
204,316,3
204,317,5
204,314,5
205,314,5
205,316,3
205,308,5
205,310,5
205,309,5
205,322,5
205,315,5
205,307,3
205,319,5
205,318,4
205,320,4
205,305,5
205,312,5
205,317,5
206,313,3
206,316,5
206,306,4
206,308,3
206,318,4
206,305,5
206,304,3
206,321,3
206,307,4
206,303,5
206,320,4
206,310,3
206,319,5
206,311,4
206,315,4
207,306,3
207,307,3
207,317,4
207,321,5
207,313,5
207,318,3
207,308,3
207,305,4
207,322,3
207,303,4
207,320,5
207,316,4
208,307,4
208,315,5
208,314,3
208,321,3
208,309,3
208,311,5
208,306,4
208,318,5
208,312,4
208,317,4
208,308,4
208,313,4
208,304,4
208,319,4
208,316,3
209,311,4
209,314,5
209,320,5
209,312,3
209,309,4
209,319,4
209,317,3
209,308,5
209,304,4
209,306,4
209,313,4
209,316,5
209,318,5
210,306,4
210,320,5
210,310,4
210,322,3
210,321,3
210,308,4
210,319,4
210,314,4
210,312,3
210,304,4
210,313,3
210,315,3
210,309,5
211,308,4
211,307,5
211,303,4
211,315,3
211,320,3
211,309,4
211,316,4
211,313,3
211,311,3
211,319,5
211,310,5
211,304,3
211,318,5
211,317,3
211,306,5
212,311,4
212,315,5
212,306,3
212,305,5
212,312,4
212,321,5
212,310,3
212,317,4
212,320,3
212,308,5
212,319,3
212,313,3
212,303,3
212,309,3
212,316,3
213,305,3
213,320,5
213,309,4
213,316,4
213,318,4
213,308,3
213,312,4
213,310,4
213,306,5
213,311,3
213,314,5
213,322,5
213,313,4
213,319,5
214,319,5
214,310,3
214,320,3
214,314,5
214,306,3
214,318,4
214,322,3
214,308,5
214,304,4
214,311,3
214,303,5
214,309,3
214,316,3
214,321,3
214,317,4
214,307,3
215,315,5
215,303,5
215,312,5
215,313,3
215,304,5
215,317,5
215,316,5
215,322,3
215,314,5
215,311,5
215,320,3
215,306,5
215,308,4
215,318,5
215,310,4
216,309,4
216,321,5
216,317,3
216,311,5
216,322,3
216,306,4
216,307,5
216,313,3
216,316,4
216,310,3
216,312,4
216,319,4
216,314,3
216,304,3
216,315,4
217,314,4
217,313,4
217,315,5
217,321,5
217,305,4
217,309,4
217,306,3
217,307,3
217,322,3
217,310,4
217,320,4
217,311,5
217,318,5
217,308,3
218,305,3
218,309,3
218,312,5
218,307,5
218,304,3
218,322,3
218,306,5
218,303,4
218,319,5
218,320,3
218,317,5
218,321,3
218,316,3
218,311,3
218,308,5
218,314,3
219,305,3
219,320,5
219,318,5
219,307,5
219,317,4
219,314,4
219,310,3
219,321,4
219,319,3
219,306,4
219,313,4
219,312,4
219,322,4
219,303,3
219,315,5
220,307,4
220,303,5
220,311,5
220,317,4
220,310,4
220,308,3
220,309,4
220,316,4
220,314,5
220,304,4
220,322,5
220,313,4
220,305,3
220,319,4
221,320,3
221,307,3
221,308,3
221,322,4
221,316,4
221,304,3
221,317,3
221,305,3
221,303,3
221,312,3
221,311,5
221,319,5
221,310,5
221,309,5
221,306,3
221,313,4
222,310,4
222,317,4
222,312,3
222,308,4
222,321,5
222,320,3
222,319,3
222,306,4
222,316,4
222,314,3
222,303,3
222,305,4
222,318,3
222,309,5
222,311,3
222,304,3
222,322,4
222,315,4
223,314,5
223,318,5
223,321,4
223,307,4
223,319,4
223,320,4
223,322,3
223,306,4
223,315,3
223,317,3
223,303,5
223,316,4
223,309,4
223,310,4
223,311,5
224,311,4
224,319,5
224,322,5
224,305,5
224,313,4
224,307,5
224,303,3
224,309,4
224,321,3
224,304,3
224,312,4
224,314,3
224,316,5
224,308,5
224,320,3
225,311,5
225,315,3
225,322,5
225,313,5
225,305,5
225,307,3
225,309,4
225,319,4
225,308,3
225,316,5
225,312,4
225,318,3
225,321,5
225,320,4
225,314,3
226,320,5
226,319,5
226,312,4
226,316,4
226,308,4
226,305,4
226,303,4
226,317,5
226,318,3
226,321,3
226,307,3
226,306,3
226,314,5
227,307,3
227,320,4
227,312,5
227,310,3
227,322,3
227,311,5
227,309,4
227,306,3
227,304,4
227,318,4
227,321,3
227,319,4
227,317,4
227,316,5
227,315,3
227,308,3
228,307,3
228,311,4
228,308,5
228,317,3
228,319,3
228,321,4
228,316,5
228,305,3
228,309,4
228,310,5
228,313,5
228,306,3
228,303,4
228,320,4
229,319,4
229,312,5
229,320,5
229,318,5
229,321,5
229,305,5
229,307,3
229,317,3
229,315,3
229,313,4
229,311,5
229,303,5
229,316,3
229,310,3
230,305,4
230,303,3
230,321,3
230,308,4
230,317,4
230,310,4
230,320,4
230,319,5
230,307,5
230,312,3
230,306,5
230,314,5
230,318,4
230,322,4
230,311,5
231,305,4
231,318,3
231,322,3
231,308,4
231,314,3
231,320,3
231,316,3
231,312,5
231,315,5
231,304,4
231,306,4
231,309,3
231,321,4
231,310,5
231,313,3
232,318,4
232,319,5
232,306,3
232,322,5
232,305,3
232,304,5
232,312,5
232,320,4
232,309,4
232,307,4
232,308,4
232,315,5
232,314,3
232,310,5
233,306,3
233,310,3
233,320,3
233,317,4
233,321,3
233,314,4
233,322,3
233,303,5
233,316,4
233,315,3
233,308,3
233,318,5
233,311,4
233,304,4
233,307,4
233,313,4
234,322,5
234,309,5
234,321,4
234,318,3
234,310,4
234,320,5
234,307,4
234,315,5
234,312,5
234,304,4
234,313,5
234,311,3
234,319,3
234,317,3
234,303,5
235,305,5
235,312,4
235,320,5
235,322,5
235,314,3
235,303,4
235,309,4
235,313,4
235,317,3
235,306,5
235,318,4
235,321,4
235,308,4
236,317,5
236,303,4
236,322,3
236,307,4
236,318,5
236,319,3
236,314,5
236,312,3
236,321,4
236,316,3
236,306,5
236,313,3
236,304,5
236,320,5
237,315,5
237,316,4
237,320,5
237,306,4
237,308,3
237,309,4
237,311,3
237,303,4
237,317,5
237,321,4
237,314,3
237,305,4
237,304,3
237,319,3
237,318,3
237,322,3
238,316,5
238,304,5
238,306,3
238,315,4
238,321,5
238,311,4
238,317,5
238,309,3
238,320,3
238,313,4
238,314,3
238,319,4
238,312,5
239,320,4
239,315,4
239,317,4
239,313,5
239,303,4
239,314,5
239,312,5
239,311,4
239,306,4
239,319,4
239,318,5
239,309,4
239,308,3
239,316,4
239,321,3
240,322,4
240,318,4
240,312,3
240,311,5
240,315,3
240,313,3
240,308,5
240,320,3
240,306,4
240,314,3
240,303,5
240,310,5
240,316,5
241,318,5
241,321,4
241,303,5
241,314,4
241,317,5
241,307,5
241,322,3
241,306,5
241,319,5
241,313,4
241,316,3
241,304,5
241,310,3
241,312,4
241,315,4
242,311,3
242,322,5
242,310,4
242,321,3
242,317,3
242,313,4
242,305,5
242,303,4
242,314,3
242,312,3
242,306,5
242,315,3
242,316,3
242,309,3
243,312,5
243,320,4
243,304,4
243,322,5
243,305,4
243,321,3
243,308,3
243,310,4
243,316,4
243,315,5
243,306,4
243,307,3
243,309,4
243,303,5
243,318,3
244,321,3
244,316,3
244,308,4
244,309,4
244,318,3
244,319,4
244,311,5
244,310,4
244,303,4
244,307,4
244,305,3
245,320,4
245,317,4
245,310,3
245,304,5
245,305,4
245,313,4
245,311,5
245,322,3
245,314,3
245,307,5
245,318,5
245,312,4
245,321,3
245,309,3
245,315,4
245,306,3
246,316,4
246,313,3
246,311,5
246,319,5
246,317,5
246,307,4
246,322,4
246,312,4
246,308,4
246,304,5
246,303,5
246,315,3
246,305,4
247,321,4
247,317,5
247,313,4
247,308,5
247,309,5
247,315,5
247,307,4
247,303,4
247,311,4
247,316,4
247,310,3
247,322,5
247,304,3
247,306,4
248,308,5
248,315,5
248,311,4
248,303,5
248,314,3
248,310,4
248,312,3
248,319,5
248,306,4
248,317,5
248,318,3
248,320,4
248,316,4
248,309,4
248,304,4
249,312,5
249,308,5
249,322,5
249,318,5
249,319,4
249,304,4
249,309,3
249,313,5
249,311,5
249,310,5
249,305,5
249,317,3
249,303,4
249,307,5
250,311,5
250,305,5
250,321,4
250,313,3
250,317,3
250,320,4
250,319,5
250,306,3
250,316,4
250,309,5
250,310,4
250,307,4
250,304,3
250,314,5
250,318,5
251,322,4
251,308,5
251,318,4
251,303,5
251,305,5
251,320,4
251,314,3
251,317,4
251,312,4
251,307,4
251,304,3
251,319,3
251,310,5
251,309,5
251,313,4
251,321,5
252,318,3
252,312,3
252,317,3
252,319,5
252,310,4
252,311,5
252,322,3
252,314,4
252,308,3
252,315,4
252,305,3
252,309,5
252,320,4
252,316,3
252,313,5
253,306,5
253,303,5
253,321,5
253,314,3
253,308,4
253,309,3
253,318,3
253,313,4
253,320,4
253,315,5
253,319,3
253,311,4
254,310,3
254,305,3
254,312,3
254,309,5
254,303,3
254,308,4
254,314,5
254,304,3
254,313,3
254,307,4
254,322,3
254,315,4
254,321,5
254,319,3
255,317,5
255,305,4
255,312,3
255,308,5
255,315,4
255,322,3
255,304,3
255,318,3
255,307,4
255,321,4
255,320,5
255,311,4
255,303,5
255,309,4
256,321,5
256,320,4
256,315,4
256,307,5
256,311,3
256,303,5
256,309,5
256,317,4
256,306,4
256,322,4
256,305,5
256,319,3
256,308,4
256,318,5
256,304,4
256,314,4
256,316,4
257,315,3
257,316,5
257,305,3
257,313,4
257,309,4
257,320,5
257,319,4
257,318,4
257,311,5
257,312,3
257,321,4
257,314,5
257,317,4
257,303,3
258,317,5
258,319,5
258,315,5
258,318,3
258,314,4
258,320,4
258,307,3
258,309,5
258,321,4
258,304,5
258,305,5
258,308,5
258,322,3
258,303,5
258,316,3
258,312,4
259,311,5
259,308,4
259,317,3
259,320,4
259,309,3
259,318,5
259,303,5
259,304,4
259,315,3
259,312,3
259,322,3
259,310,3
259,316,3
